Row_Num,Time_stamp,Sound,Water,Vibration,UV_Index,Digital_Light,Gas,Dust,Temp
1,2016-07-06 20:29:39,118,False,544,-2.06,253,0.47,0.62,27.6
2,2016-07-06 20:29:41,202,False,541,-1.79,237,0.49,0.62,27.78
3,2016-07-06 20:29:43,164,False,543,-2.51,237,0.48,0.62,27.87
4,2016-07-06 20:29:45,138,False,542,-1.89,147,0.46,0.62,27.69
5,2016-07-06 20:29:46,245,False,542,-0.66,310,0.46,0.62,27.87
6,2016-07-06 20:29:48,126,False,543,-2.11,310,0.47,0.62,27.69
7,2016-07-06 20:29:50,203,False,543,-1.66,493,0.48,0.62,27.52
8,2016-07-06 20:29:52,218,False,543,-1.76,372,0.48,0.62,27.78
9,2016-07-06 20:29:54,210,False,543,-2.47,350,0.46,0.62,27.69
10,2016-07-06 20:29:56,150,False,541,-2.03,341,0.47,0.62,27.87
11,2016-07-06 20:29:57,111,False,543,-2.25,341,0.46,0.62,27.69
12,2016-07-06 20:29:59,257,False,543,-1.82,301,0.47,0.62,27.69
13,2016-07-06 20:30:01,174,False,541,-1.48,334,0.46,0.62,27.69
14,2016-07-06 20:30:03,172,False,543,-1.84,365,0.46,0.62,27.52
15,2016-07-06 20:30:05,230,False,541,-1.58,341,0.46,0.62,27.69
16,2016-07-06 20:30:07,201,False,543,-1.83,398,0.46,0.62,27.78
17,2016-07-06 20:30:08,133,False,543,-1.79,398,0.47,0.62,27.87
18,2016-07-06 20:30:10,181,False,543,-1.79,398,0.47,0.62,27.87
19,2016-07-06 20:30:12,212,False,545,-1.76,349,0.47,0.62,27.96
20,2016-07-06 20:30:14,129,False,544,-1.85,341,0.46,0.62,27.78
21,2016-07-06 20:30:16,125,False,545,-1.89,414,0.48,0.62,27.87
22,2016-07-06 20:30:18,314,False,545,-1.35,550,0.46,0.62,27.78
23,2016-07-06 20:30:19,210,False,544,-1.93,550,0.46,0.62,27.69
24,2016-07-06 20:30:21,135,False,544,-2.28,550,0.48,0.62,27.87
25,2016-07-06 20:30:23,111,False,546,-2.72,543,0.48,0.62,27.96
26,2016-07-06 20:30:25,198,False,546,-1.9,640,0.47,0.62,28.14
27,2016-07-06 20:30:27,517,False,544,-0.08,680,0.47,0.62,28.05
28,2016-07-06 20:30:29,188,False,544,-1.72,583,0.47,0.62,28.14
29,2016-07-06 20:30:30,313,False,545,2.91,709,0.48,0.62,27.69
30,2016-07-06 20:30:32,588,False,543,0.31,645,0.46,0.62,28.05
31,2016-07-06 20:30:34,195,False,546,-1.65,669,0.46,0.62,28.05
32,2016-07-06 20:30:36,595,False,547,-0.09,662,0.47,0.62,27.87
33,2016-07-06 20:30:38,230,False,544,-2.38,742,0.48,0.62,28.14
34,2016-07-06 20:30:40,314,False,544,-1.03,742,0.45,0.62,28.14
35,2016-07-06 20:30:41,524,False,542,0.69,768,0.47,0.62,28.14
36,2016-07-06 20:30:43,111,False,546,-0.66,751,0.48,0.62,27.96
37,2016-07-06 20:30:45,450,False,548,-0.53,735,0.48,0.62,28.14
38,2016-07-06 20:30:47,113,False,546,-2.09,759,0.46,0.62,28.23
39,2016-07-06 20:30:49,206,False,546,-2.24,669,0.48,0.62,28.23
40,2016-07-06 20:30:51,245,False,546,-0.97,808,0.48,0.62,27.96
41,2016-07-06 20:30:52,186,False,547,-1.93,719,0.46,0.62,28.23
42,2016-07-06 20:30:54,78,False,548,-1.88,629,0.47,0.62,28.5
43,2016-07-06 20:30:56,87,False,551,-2.29,598,0.47,0.62,28.5
44,2016-07-06 20:30:58,68,False,551,-1.84,662,0.44,0.62,28.32
45,2016-07-06 20:31:00,185,False,547,-2.17,605,0.46,0.62,28.32
46,2016-07-06 20:31:02,596,False,549,0.67,693,0.47,0.62,28.5
47,2016-07-06 20:31:03,455,False,551,0.51,621,0.47,0.62,28.5
48,2016-07-06 20:31:05,94,False,547,-2.82,645,0.46,0.62,28.14
49,2016-07-06 20:31:07,62,False,548,-2.91,636,0.47,0.62,28.41
50,2016-07-06 20:31:09,167,False,550,-2.39,702,0.48,0.62,28.5
51,2016-07-06 20:31:11,50,False,551,-2.42,629,0.47,0.62,28.5
52,2016-07-06 20:31:13,412,False,551,-2.28,653,0.48,0.62,28.32
53,2016-07-06 20:31:14,152,False,548,-3.3,662,0.45,0.62,28.5
54,2016-07-06 20:31:16,326,False,549,-0.69,613,0.46,0.62,28.32
55,2016-07-06 20:31:18,33,False,552,-3.3,605,0.47,0.62,28.41
56,2016-07-06 20:31:20,33,False,552,-3.03,565,0.48,0.62,28.77
57,2016-07-06 20:31:22,35,False,554,-2.77,605,0.47,0.62,28.86
58,2016-07-06 20:31:24,112,False,556,-2.63,548,0.47,0.62,28.68
59,2016-07-06 20:31:25,35,False,554,-1.58,556,0.48,0.62,28.86
60,2016-07-06 20:31:27,35,False,554,-2.1,572,0.47,0.62,29.04
61,2016-07-06 20:31:29,38,False,556,-1.05,572,0.46,0.62,29.13
62,2016-07-06 20:31:31,118,False,557,-2.31,556,0.47,0.62,29.32
63,2016-07-06 20:31:33,37,False,560,-3.4,596,0.47,0.62,29.22
64,2016-07-06 20:31:35,150,False,559,-2.89,589,0.46,0.62,29.32
65,2016-07-06 20:31:36,127,False,560,-3.48,556,0.48,0.62,29.32
66,2016-07-06 20:31:38,87,False,560,-3.12,572,0.47,0.62,29.22
67,2016-07-06 20:31:40,25,False,561,-2.47,565,0.45,0.62,29.59
68,2016-07-06 20:31:42,239,False,561,-3.38,548,0.47,0.62,29.32
69,2016-07-06 20:31:44,26,False,561,-0.46,532,0.47,0.62,28.95
70,2016-07-06 20:31:46,144,False,559,-2.8,502,0.45,0.62,28.86
71,2016-07-06 20:31:47,93,False,559,-2.76,678,0.46,0.62,28.95
72,2016-07-06 20:31:49,143,False,558,-2.65,662,0.45,0.62,28.77
73,2016-07-06 20:31:51,90,False,551,0.8,222,0.44,0.62,28.41
74,2016-07-06 20:31:53,66,False,553,-2.61,288,0.44,0.62,28.59
75,2016-07-06 20:31:55,104,False,550,-2.4,395,0.43,0.62,28.41
76,2016-07-06 20:31:57,299,False,545,-2.35,378,0.43,0.62,28.23
77,2016-07-06 20:31:58,117,False,548,-2.71,395,0.45,0.62,28.23
78,2016-07-06 20:32:00,57,False,548,-2.04,404,0.44,0.62,27.96
79,2016-07-06 20:32:02,49,False,547,-2.29,395,0.45,0.62,27.96
80,2016-07-06 20:32:04,16,False,545,-3.48,371,0.44,0.62,27.78
81,2016-07-06 20:32:06,17,False,544,-3.51,337,0.45,0.62,27.78
82,2016-07-06 20:32:08,20,False,543,-2.13,363,0.44,0.62,27.6
83,2016-07-06 20:32:09,219,False,543,-2.52,363,0.44,0.62,27.43
84,2016-07-06 20:32:11,158,False,540,-1.15,337,0.43,0.62,27.69
85,2016-07-06 20:32:13,7,False,540,-3.71,347,0.42,0.62,27.43
86,2016-07-06 20:32:15,123,False,537,-2.89,621,0.42,0.62,27.16
87,2016-07-06 20:32:17,48,False,538,-2.78,598,0.42,0.62,27.25
88,2016-07-06 20:32:19,350,False,538,-2.59,372,0.43,0.62,27.43
89,2016-07-06 20:32:20,89,False,539,-3.81,543,0.42,0.62,27.43
90,2016-07-06 20:32:22,125,False,538,-2.81,574,0.43,0.62,27.25
91,2016-07-06 20:32:24,3,False,537,-3.82,534,0.44,0.62,27.16
92,2016-07-06 20:32:26,442,False,537,-0.49,550,0.43,0.62,27.07
93,2016-07-06 20:32:28,332,False,536,-1.75,566,0.42,0.62,27.07
94,2016-07-06 20:32:30,221,False,535,-2.73,420,0.43,0.62,26.98
95,2016-07-06 20:32:31,130,False,534,-3.03,508,0.45,0.62,26.72
96,2016-07-06 20:32:33,97,False,531,-2.84,510,0.45,0.62,26.72
97,2016-07-06 20:32:35,126,False,533,-2.55,702,0.45,0.62,26.89
98,2016-07-06 20:32:37,168,False,533,-2.67,437,0.45,0.62,26.8
99,2016-07-06 20:32:39,77,False,533,-3.34,501,0.45,0.62,26.72
100,2016-07-06 20:32:41,56,False,531,-2.69,557,0.45,0.62,26.8
101,2016-07-06 20:35:15,455,False,539,1.99,189,0.44,0.62,27.43
102,2016-07-06 20:35:17,487,False,540,1.52,222,0.45,0.62,27.6
103,2016-07-06 20:35:19,417,False,540,1.51,213,0.44,0.62,27.43
104,2016-07-06 20:35:21,414,False,540,1.21,213,0.43,0.62,27.43
105,2016-07-06 20:35:23,548,False,541,1.45,165,0.44,0.62,27.52
106,2016-07-06 20:35:25,511,False,540,1.27,158,0.44,0.62,27.43
107,2016-07-06 20:35:26,536,False,539,1.78,286,0.43,0.62,27.43
108,2016-07-06 20:35:28,496,False,540,1.55,213,0.43,0.62,27.43
109,2016-07-06 20:35:30,458,False,540,1.36,215,0.44,0.62,27.43
110,2016-07-06 20:35:32,484,False,540,1.39,198,0.45,0.62,27.43
111,2016-07-06 20:35:34,611,False,539,1.74,198,0.44,0.62,27.52
112,2016-07-06 20:35:36,492,False,540,1.43,198,0.44,0.62,27.52
113,2016-07-06 20:35:37,426,False,542,1.73,222,0.44,0.62,27.52
114,2016-07-06 20:35:39,411,False,540,1.63,238,0.44,0.62,27.6
115,2016-07-06 20:35:41,757,False,540,1.99,229,0.44,0.62,27.52
116,2016-07-06 20:35:43,466,False,540,2.53,262,0.44,0.62,27.6
117,2016-07-06 20:35:45,467,False,541,2.35,222,0.43,0.62,27.43
118,2016-07-06 20:35:47,759,False,539,3.17,262,0.44,0.62,27.52
119,2016-07-06 20:35:48,588,False,539,2.14,253,0.43,0.62,27.43
120,2016-07-06 20:35:50,514,False,539,3.38,253,0.44,0.62,27.52
121,2016-07-06 20:35:52,603,False,539,1.72,270,0.44,0.62,27.43
122,2016-07-06 20:35:54,484,False,538,2.15,270,0.43,0.62,27.43
123,2016-07-06 20:35:56,897,False,538,3.25,262,0.44,0.62,27.34
124,2016-07-06 20:35:58,604,False,539,2.73,229,0.43,0.62,27.34
125,2016-07-06 20:35:59,565,False,538,2.61,229,0.43,0.62,27.43
126,2016-07-06 20:36:01,595,False,539,3.0,229,0.44,0.62,27.34
127,2016-07-06 20:36:03,625,False,539,3.15,229,0.44,0.62,27.34
128,2016-07-06 20:36:05,493,False,537,2.86,229,0.44,0.62,27.34
129,2016-07-06 20:36:07,568,False,537,2.56,229,0.43,0.62,27.43
130,2016-07-06 20:36:09,613,False,538,3.2,229,0.43,0.62,27.34
131,2016-07-06 20:36:10,518,False,537,2.3,213,0.44,0.62,27.43
132,2016-07-06 20:36:12,496,False,537,3.05,189,0.44,0.62,27.25
133,2016-07-06 20:36:14,446,False,538,1.66,189,0.44,0.62,27.34
134,2016-07-06 20:36:16,638,False,537,1.75,189,0.44,0.62,27.25
135,2016-07-06 20:36:18,508,False,536,1.72,182,0.44,0.62,27.16
136,2016-07-06 20:36:20,627,False,537,2.86,198,0.44,0.62,27.25
137,2016-07-06 20:36:21,668,False,538,2.71,198,0.44,0.62,27.34
138,2016-07-06 20:36:23,594,False,537,2.51,215,0.44,0.62,27.34
139,2016-07-06 20:36:25,600,False,537,2.85,198,0.43,0.62,27.25
140,2016-07-06 20:36:27,680,False,537,2.48,198,0.44,0.62,27.34
141,2016-07-06 20:36:29,531,False,537,2.7,198,0.44,0.62,27.34
142,2016-07-06 20:36:31,450,False,538,2.7,255,0.44,0.62,27.16
143,2016-07-06 20:36:32,402,False,538,2.6,222,0.43,0.62,27.25
144,2016-07-06 20:36:34,1023,False,536,1.35,262,0.42,0.62,27.25
145,2016-07-06 20:36:36,425,False,536,1.35,198,0.42,0.62,27.07
146,2016-07-06 20:36:38,379,False,535,1.94,238,0.42,0.62,27.07
147,2016-07-06 20:36:40,471,False,534,4.04,198,0.43,0.62,27.07
148,2016-07-06 20:36:42,649,False,534,2.16,215,0.42,0.62,27.34
149,2016-07-06 20:36:43,472,False,535,2.04,182,0.43,0.62,26.89
150,2016-07-06 20:36:45,765,False,534,2.48,215,0.42,0.62,27.07
151,2016-07-06 20:36:47,385,False,534,1.31,215,0.44,0.62,27.25
152,2016-07-06 20:36:49,765,False,534,2.22,206,0.42,0.62,26.98
153,2016-07-06 20:36:51,517,False,534,1.86,238,0.43,0.62,26.98
154,2016-07-06 20:36:53,737,False,534,1.92,231,0.43,0.62,26.89
155,2016-07-06 20:36:54,385,False,534,1.24,215,0.43,0.62,26.98
156,2016-07-06 20:36:56,415,False,534,1.02,215,0.43,0.62,26.98
157,2016-07-06 20:36:58,384,False,533,1.5,215,0.42,0.62,26.98
158,2016-07-06 20:37:00,383,False,533,1.41,215,0.43,0.62,26.89
159,2016-07-06 20:37:02,660,False,533,2.76,198,0.42,0.62,26.8
160,2016-07-06 20:37:04,392,False,533,1.85,198,0.42,0.62,26.98
161,2016-07-06 20:37:05,502,False,533,1.55,182,0.42,0.62,26.8
162,2016-07-06 20:37:07,772,False,532,2.12,198,0.43,0.62,26.89
163,2016-07-06 20:37:09,397,False,531,1.68,198,0.43,0.62,26.8
164,2016-07-06 20:37:11,383,False,532,1.1,215,0.41,0.62,26.72
165,2016-07-06 20:37:13,687,False,531,2.22,198,0.42,0.62,26.63
166,2016-07-06 20:37:15,381,False,530,1.7,198,0.42,0.62,26.63
167,2016-07-06 20:37:16,551,False,531,1.57,167,0.42,0.62,26.72
168,2016-07-06 20:37:18,382,False,530,0.94,167,0.42,0.62,26.72
169,2016-07-06 20:37:20,476,False,529,0.95,167,0.42,0.62,26.63
170,2016-07-06 20:37:22,486,False,532,1.24,191,0.42,0.62,26.72
171,2016-07-06 20:37:24,517,False,530,1.17,191,0.42,0.62,26.63
172,2016-07-06 20:37:26,433,False,531,1.76,191,0.42,0.62,26.63
173,2016-07-06 20:37:27,566,False,531,1.45,174,0.42,0.62,26.72
174,2016-07-06 20:37:29,383,False,531,0.73,174,0.42,0.62,26.63
175,2016-07-06 20:37:31,461,False,530,1.3,191,0.42,0.62,26.63
176,2016-07-06 20:37:33,501,False,530,0.64,174,0.43,0.62,26.63
177,2016-07-06 20:37:35,631,False,530,1.77,117,0.43,0.62,26.72
178,2016-07-06 20:37:37,513,False,531,0.98,127,0.43,0.62,26.72
179,2016-07-06 20:37:38,397,False,531,0.94,127,0.43,0.62,26.72
180,2016-07-06 20:37:40,393,False,531,0.96,44,0.43,0.62,26.72
181,2016-07-06 20:37:42,387,False,532,1.34,62,0.44,0.62,26.8
182,2016-07-06 20:37:44,383,False,531,1.1,79,0.44,0.62,26.72
183,2016-07-06 20:37:46,608,False,532,0.67,50,0.44,0.62,26.8
184,2016-07-06 20:37:48,473,False,532,1.17,79,0.44,0.62,26.72
185,2016-07-06 20:37:49,528,False,533,2.35,79,0.44,0.62,26.72
186,2016-07-06 20:37:51,494,False,533,1.34,50,0.44,0.62,26.8
187,2016-07-06 20:37:53,503,False,532,0.62,50,0.42,0.62,26.8
188,2016-07-06 20:37:55,435,False,533,3.97,143,0.44,0.62,26.8
189,2016-07-06 20:37:57,382,False,533,0.65,150,0.44,0.62,26.8
190,2016-07-06 20:37:59,379,False,532,1.54,150,0.43,0.62,26.8
191,2016-07-06 20:38:00,380,False,532,1.09,150,0.44,0.62,26.8
192,2016-07-06 20:38:02,453,False,532,1.19,174,0.44,0.62,26.8
193,2016-07-06 20:38:04,480,False,532,1.23,158,0.44,0.62,26.8
194,2016-07-06 20:38:06,454,False,532,1.06,174,0.44,0.62,26.8
195,2016-07-06 20:38:08,379,False,532,1.82,158,0.43,0.62,26.8
196,2016-07-06 20:38:10,426,False,532,1.02,167,0.44,0.62,26.8
197,2016-07-06 20:38:11,391,False,532,1.27,167,0.44,0.62,26.89
198,2016-07-06 20:38:13,782,False,534,1.91,150,0.43,0.62,26.8
199,2016-07-06 20:38:15,556,False,532,1.62,68,0.45,0.62,26.8
200,2016-07-06 20:38:17,458,False,532,0.58,50,0.44,0.62,26.89
201,2016-07-06 20:38:19,489,False,533,1.26,191,0.45,0.62,26.89
202,2016-07-06 20:38:21,892,False,532,1.47,152,0.44,0.62,26.98
203,2016-07-06 20:38:22,486,False,534,1.74,143,0.42,0.62,26.8
204,2016-07-06 20:38:24,450,False,533,1.32,143,0.44,0.62,26.8
205,2016-07-06 20:38:26,380,False,531,1.13,136,0.44,0.62,26.72
206,2016-07-06 20:38:28,491,False,532,0.92,110,0.43,0.62,26.8
207,2016-07-06 20:38:30,462,False,533,1.22,143,0.43,0.62,26.8
208,2016-07-06 20:38:32,497,False,534,1.49,110,0.44,0.62,26.89
209,2016-07-06 20:38:33,387,False,534,1.29,150,0.43,0.62,26.89
210,2016-07-06 20:38:35,569,False,533,0.9,159,0.44,0.62,26.89
211,2016-07-06 20:38:37,653,False,534,2.69,143,0.46,0.62,26.89
212,2016-07-06 20:38:39,442,False,535,1.22,143,0.44,0.62,26.89
213,2016-07-06 20:38:41,531,False,534,1.81,127,0.44,0.62,26.89
214,2016-07-06 20:38:43,625,False,534,1.26,119,0.44,0.62,26.98
215,2016-07-06 20:38:44,700,False,534,1.7,62,0.42,0.62,26.98
216,2016-07-06 20:38:46,482,False,534,2.46,150,0.46,0.62,26.98
217,2016-07-06 20:38:48,519,False,533,1.75,183,0.46,0.62,26.98
218,2016-07-06 20:38:50,534,False,534,1.7,200,0.48,0.62,26.98
219,2016-07-06 20:38:52,559,False,535,1.61,167,0.47,0.62,27.16
220,2016-07-06 20:38:54,381,False,535,1.08,150,0.46,0.62,27.07
221,2016-07-06 20:38:55,447,False,535,1.31,183,0.48,0.62,27.07
222,2016-07-06 20:38:57,385,False,536,2.26,183,0.51,0.62,27.07
223,2016-07-06 20:38:59,453,False,535,1.11,183,0.52,0.62,27.25
224,2016-07-06 20:39:01,464,False,536,1.17,167,0.52,0.62,27.16
225,2016-07-06 20:39:03,538,False,536,1.26,167,0.52,0.62,27.25
226,2016-07-06 20:39:05,408,False,537,1.41,183,0.51,0.62,27.16
227,2016-07-06 20:39:06,555,False,536,1.14,150,0.52,0.62,27.16
228,2016-07-06 20:39:08,491,False,536,1.54,150,0.51,0.62,27.16
229,2016-07-06 20:39:10,530,False,537,1.5,167,0.51,0.62,27.16
230,2016-07-06 20:39:12,382,False,536,1.53,150,0.51,0.62,27.07
231,2016-07-06 20:39:14,448,False,537,1.19,150,0.5,0.62,27.16
232,2016-07-06 20:39:16,406,False,536,1.6,150,0.48,0.62,27.16
233,2016-07-06 20:39:17,577,False,536,1.19,103,0.48,0.62,27.07
234,2016-07-06 20:39:19,531,False,536,0.99,136,0.46,0.62,27.25
235,2016-07-06 20:39:21,501,False,535,1.19,119,0.46,0.62,27.07
236,2016-07-06 20:39:23,381,False,535,0.99,152,0.46,0.62,27.07
237,2016-07-06 20:39:25,383,False,535,0.98,127,0.47,0.62,27.07
238,2016-07-06 20:39:27,381,False,536,1.71,159,0.44,0.62,27.16
239,2016-07-06 20:39:28,384,False,535,2.03,167,0.46,0.62,27.16
240,2016-07-06 20:39:30,530,False,534,2.32,127,0.46,0.62,27.16
241,2016-07-06 20:39:32,443,False,536,1.23,119,0.46,0.62,26.98
242,2016-07-06 20:39:34,563,False,535,1.61,62,0.48,0.62,26.98
243,2016-07-06 20:39:36,471,False,535,1.27,62,0.48,0.62,27.07
244,2016-07-06 20:39:38,628,False,536,0.89,62,0.48,0.62,27.16
245,2016-07-06 20:39:39,578,False,536,1.76,79,0.47,0.62,27.07
246,2016-07-06 20:39:41,449,False,536,1.05,95,0.47,0.62,27.07
247,2016-07-06 20:39:43,433,False,536,1.25,95,0.47,0.62,27.16
248,2016-07-06 20:39:45,469,False,535,1.25,112,0.47,0.62,27.16
249,2016-07-06 20:39:47,382,False,534,1.04,112,0.47,0.62,27.16
250,2016-07-06 20:39:49,510,False,536,1.21,103,0.48,0.62,27.16
251,2016-07-06 20:39:50,382,False,536,0.34,119,0.48,0.62,27.16
252,2016-07-06 20:39:52,468,False,537,1.25,119,0.47,0.62,27.25
253,2016-07-06 20:39:54,452,False,536,1.13,119,0.47,0.62,27.34
254,2016-07-06 20:39:56,384,False,536,1.87,62,0.48,0.62,27.25
255,2016-07-06 20:39:58,431,False,537,1.36,62,0.47,0.62,27.25
256,2016-07-06 20:40:00,559,False,537,1.83,103,0.46,0.62,27.25
257,2016-07-06 20:40:01,540,False,539,1.1,79,0.47,0.62,27.25
258,2016-07-06 20:40:03,634,False,539,1.19,95,0.46,0.62,27.25
259,2016-07-06 20:40:05,485,False,538,1.12,86,0.47,0.62,27.34
260,2016-07-06 20:40:07,381,False,539,1.57,79,0.46,0.62,27.34
261,2016-07-06 20:40:09,485,False,539,1.22,79,0.47,0.62,27.34
262,2016-07-06 20:40:11,413,False,539,1.21,127,0.47,0.62,27.34
263,2016-07-06 20:40:12,380,False,539,1.45,176,0.47,0.62,27.43
264,2016-07-06 20:40:14,602,False,539,1.26,143,0.47,0.62,27.43
265,2016-07-06 20:40:16,478,False,540,1.23,143,0.47,0.62,27.43
266,2016-07-06 20:40:18,396,False,539,1.19,159,0.47,0.62,27.52
267,2016-07-06 20:40:20,481,False,539,1.37,159,0.46,0.62,27.43
268,2016-07-06 20:40:22,487,False,539,1.41,159,0.47,0.62,27.43
269,2016-07-06 20:40:23,488,False,539,1.16,159,0.48,0.62,27.43
270,2016-07-06 20:40:25,383,False,539,2.17,167,0.47,0.62,27.52
271,2016-07-06 20:40:27,383,False,540,3.09,167,0.47,0.62,27.52
272,2016-07-06 20:40:29,452,False,539,0.98,167,0.47,0.62,27.43
273,2016-07-06 20:40:31,452,False,540,1.09,183,0.47,0.62,27.43
274,2016-07-06 20:40:33,379,False,541,0.78,183,0.46,0.62,27.43
275,2016-07-06 20:40:34,469,False,539,1.92,183,0.47,0.62,27.6
276,2016-07-06 20:40:36,449,False,540,1.7,167,0.47,0.62,27.6
277,2016-07-06 20:40:38,626,False,540,1.19,176,0.46,0.62,27.52
278,2016-07-06 20:40:40,451,False,540,1.17,136,0.47,0.62,27.6
279,2016-07-06 20:40:42,502,False,540,1.15,176,0.46,0.62,27.6
280,2016-07-06 20:40:44,428,False,541,1.1,159,0.46,0.62,27.52
281,2016-07-06 20:40:45,459,False,541,1.14,176,0.47,0.62,27.52
282,2016-07-06 20:40:47,419,False,542,1.2,167,0.47,0.62,27.69
283,2016-07-06 20:40:49,476,False,540,1.19,167,0.47,0.62,27.6
284,2016-07-06 20:40:51,526,False,542,1.85,167,0.47,0.62,27.52
285,2016-07-06 20:40:53,526,False,542,1.1,136,0.47,0.62,27.52
286,2016-07-06 20:40:55,403,False,541,1.52,167,0.47,0.62,27.69
287,2016-07-06 20:40:56,500,False,542,1.31,167,0.47,0.62,27.6
288,2016-07-06 20:40:58,380,False,542,1.78,167,0.47,0.62,27.6
289,2016-07-06 20:41:00,534,False,541,1.34,183,0.47,0.62,27.6
290,2016-07-06 20:41:02,573,False,541,1.33,183,0.46,0.62,27.6
291,2016-07-06 20:41:04,388,False,541,1.0,183,0.46,0.62,27.6
292,2016-07-06 20:41:06,427,False,542,1.19,183,0.46,0.62,27.78
293,2016-07-06 20:41:07,408,False,541,1.11,183,0.47,0.62,27.6
294,2016-07-06 20:41:09,470,False,541,1.16,183,0.48,0.62,27.69
295,2016-07-06 20:41:11,488,False,541,1.06,143,0.47,0.62,27.6
296,2016-07-06 20:41:13,530,False,543,1.13,183,0.46,0.62,27.78
297,2016-07-06 20:41:15,378,False,543,1.47,216,0.48,0.62,27.69
298,2016-07-06 20:41:17,522,False,541,1.22,200,0.47,0.62,27.6
299,2016-07-06 20:41:18,470,False,543,1.35,200,0.47,0.62,27.69
300,2016-07-06 20:41:20,528,False,541,1.37,200,0.46,0.62,27.6
301,2016-07-06 20:41:22,575,False,541,1.67,200,0.46,0.62,27.69
302,2016-07-06 20:41:24,500,False,541,1.46,183,0.47,0.62,27.6
303,2016-07-06 20:41:26,420,False,541,0.94,183,0.46,0.62,27.6
304,2016-07-06 20:41:28,431,False,541,1.12,167,0.47,0.62,27.6
305,2016-07-06 20:41:29,380,False,542,1.25,167,0.47,0.62,27.6
306,2016-07-06 20:41:31,432,False,541,1.05,167,0.44,0.62,27.69
307,2016-07-06 20:41:33,440,False,543,0.6,183,0.47,0.62,27.6
308,2016-07-06 20:41:35,554,False,543,0.71,167,0.46,0.62,27.69
309,2016-07-06 20:41:37,456,False,543,1.68,167,0.48,0.62,27.69
310,2016-07-06 20:41:39,378,False,542,0.65,167,0.47,0.62,27.69
311,2016-07-06 20:41:40,456,False,542,1.32,183,0.46,0.62,27.78
312,2016-07-06 20:41:42,378,False,541,1.25,159,0.46,0.62,27.69
313,2016-07-06 20:41:44,470,False,542,1.03,192,0.46,0.62,27.69
314,2016-07-06 20:41:46,475,False,542,1.17,167,0.47,0.62,27.69
315,2016-07-06 20:41:48,689,False,541,1.47,167,0.45,0.62,27.69
316,2016-07-06 20:41:50,508,False,542,1.63,167,0.46,0.62,27.69
317,2016-07-06 20:41:51,378,False,542,0.61,167,0.46,0.62,27.69
318,2016-07-06 20:41:53,589,False,541,2.03,183,0.46,0.62,27.69
319,2016-07-06 20:41:55,460,False,541,1.23,200,0.46,0.62,27.6
320,2016-07-06 20:41:57,657,False,543,1.3,224,0.46,0.62,27.6
321,2016-07-06 20:41:59,381,False,542,2.45,224,0.45,0.62,27.78
322,2016-07-06 20:42:01,380,False,542,2.05,207,0.46,0.62,27.69
323,2016-07-06 20:42:02,621,False,542,1.96,207,0.46,0.62,27.69
324,2016-07-06 20:42:04,377,False,542,1.63,207,0.47,0.62,27.6
325,2016-07-06 20:42:06,475,False,541,1.51,207,0.47,0.62,27.6
326,2016-07-06 20:42:08,379,False,541,1.81,207,0.47,0.62,27.69
327,2016-07-06 20:42:10,694,False,540,2.57,207,0.46,0.62,27.69
328,2016-07-06 20:42:12,380,False,541,1.25,207,0.47,0.62,27.69
329,2016-07-06 20:42:13,476,False,540,1.29,224,0.46,0.62,27.6
330,2016-07-06 20:42:15,422,False,540,1.22,207,0.46,0.62,27.52
331,2016-07-06 20:42:17,505,False,540,1.08,224,0.46,0.62,27.69
332,2016-07-06 20:42:19,471,False,540,1.1,224,0.46,0.62,27.52
333,2016-07-06 20:42:21,378,False,540,1.3,224,0.46,0.62,27.69
334,2016-07-06 20:42:23,652,False,540,0.92,224,0.45,0.62,27.52
335,2016-07-06 20:42:58,149,False,539,-2.07,224,0.46,0.62,27.43
336,2016-07-06 20:43:00,173,False,539,-2.13,224,0.46,0.62,27.34
337,2016-07-06 20:43:02,146,False,539,-2.26,224,0.46,0.62,27.25
338,2016-07-06 20:43:03,85,False,537,-2.11,224,0.44,0.62,27.25
339,2016-07-06 20:43:05,180,False,539,-2.09,224,0.45,0.62,27.34
340,2016-07-06 20:43:07,225,False,540,-1.99,207,0.46,0.62,27.43
341,2016-07-06 20:43:09,79,False,537,-1.59,224,0.46,0.62,27.43
342,2016-07-06 20:43:11,80,False,538,-2.18,191,0.46,0.62,27.34
343,2016-07-06 20:43:13,80,False,538,-2.37,216,0.47,0.62,27.25
344,2016-07-06 20:43:14,81,False,536,-1.63,191,0.47,0.62,27.43
345,2016-07-06 20:43:16,136,False,539,-2.22,224,0.46,0.62,27.34
346,2016-07-06 20:43:18,225,False,539,-2.24,224,0.45,0.62,27.52
347,2016-07-06 20:43:20,192,False,539,-2.14,231,0.45,0.62,27.52
348,2016-07-06 20:43:22,124,False,538,-2.07,207,0.46,0.62,27.52
349,2016-07-06 20:43:24,179,False,540,-2.11,231,0.46,0.62,27.52
350,2016-07-06 20:43:25,292,False,540,-2.17,231,0.47,0.62,27.25
351,2016-07-06 20:43:27,154,False,539,-1.63,231,0.46,0.62,27.34
352,2016-07-06 20:43:29,272,False,541,-1.78,240,0.47,0.62,27.6
353,2016-07-06 20:43:31,203,False,540,-2.1,240,0.47,0.62,27.6
354,2016-07-06 20:43:33,184,False,539,-1.95,216,0.47,0.62,27.43
355,2016-07-06 20:43:35,87,False,540,-1.87,216,0.46,0.62,27.52
356,2016-07-06 20:43:36,148,False,540,-2.0,233,0.46,0.62,27.34
357,2016-07-06 20:43:38,106,False,539,-2.11,257,0.46,0.62,27.34
358,2016-07-06 20:43:40,161,False,539,-2.18,257,0.46,0.62,27.16
359,2016-07-06 20:43:42,201,False,536,-2.19,257,0.45,0.62,27.16
360,2016-07-06 20:43:44,207,False,535,-2.11,257,0.49,0.62,27.16
361,2016-07-06 20:43:46,94,False,534,-2.07,257,0.46,0.62,27.25
362,2016-07-06 20:43:47,103,False,535,-2.15,257,0.46,0.62,27.25
363,2016-07-06 20:43:49,145,False,535,-2.22,257,0.47,0.62,26.98
364,2016-07-06 20:43:51,180,False,537,-2.19,273,0.45,0.62,27.16
365,2016-07-06 20:43:53,146,False,536,-2.22,273,0.47,0.62,26.72
366,2016-07-06 20:43:55,169,False,532,-2.04,273,0.47,0.62,27.07
367,2016-07-06 20:43:57,218,False,535,-2.16,257,0.44,0.62,27.07
368,2016-07-06 20:43:58,88,False,535,-2.1,257,0.45,0.62,27.07
369,2016-07-06 20:44:00,82,False,534,-2.11,257,0.45,0.62,26.89
370,2016-07-06 20:44:02,146,False,533,-2.07,273,0.47,0.62,26.89
371,2016-07-06 20:44:04,157,False,536,-2.18,257,0.45,0.62,26.89
372,2016-07-06 20:44:06,245,False,535,-2.17,257,0.46,0.62,27.07
373,2016-07-06 20:44:08,193,False,535,-2.24,257,0.47,0.62,26.98
374,2016-07-06 20:44:09,181,False,534,-2.15,257,0.45,0.62,26.98
375,2016-07-06 20:44:11,247,False,534,-2.15,257,0.47,0.62,26.98
376,2016-07-06 20:44:13,145,False,531,-2.09,257,0.47,0.62,26.8
377,2016-07-06 20:44:15,134,False,534,-2.11,257,0.44,0.62,26.89
378,2016-07-06 20:44:17,130,False,533,-2.15,257,0.46,0.62,26.89
379,2016-07-06 20:44:19,156,False,533,-2.16,257,0.47,0.62,26.89
380,2016-07-06 20:44:20,158,False,532,-2.11,257,0.47,0.62,26.8
381,2016-07-06 20:44:22,176,False,531,-2.11,257,0.45,0.62,26.98
382,2016-07-06 20:44:24,228,False,533,-2.03,240,0.47,0.62,26.89
383,2016-07-06 20:44:26,89,False,533,-2.14,240,0.48,0.62,26.89
384,2016-07-06 20:44:28,197,False,530,-2.04,240,0.48,0.62,26.8
385,2016-07-06 20:44:30,177,False,533,-2.0,257,0.46,0.62,26.63
386,2016-07-06 20:44:31,183,False,531,-2.1,257,0.46,0.62,26.89
387,2016-07-06 20:44:33,159,False,532,-2.08,257,0.47,0.62,26.89
388,2016-07-06 20:44:35,107,False,529,-2.08,257,0.47,0.62,26.63
389,2016-07-06 20:44:37,173,False,532,-2.19,257,0.46,0.62,26.72
390,2016-07-06 20:44:39,84,False,529,-2.18,257,0.47,0.62,26.89
391,2016-07-06 20:44:41,192,False,530,-2.09,257,0.47,0.62,26.54
392,2016-07-06 20:44:42,162,False,531,-2.06,257,0.46,0.62,26.45
393,2016-07-06 20:44:44,138,False,530,-2.03,257,0.46,0.62,26.54
394,2016-07-06 20:44:46,208,False,530,-2.1,257,0.47,0.62,26.45
395,2016-07-06 20:44:48,85,False,530,-2.04,257,0.49,0.62,26.72
396,2016-07-06 20:44:50,85,False,531,-2.07,240,0.48,0.62,26.72
397,2016-07-06 20:44:52,158,False,530,-2.16,257,0.47,0.62,26.54
398,2016-07-06 20:44:53,437,False,529,-0.34,257,0.46,0.62,26.45
399,2016-07-06 20:44:55,103,False,530,-2.07,240,0.47,0.62,26.63
400,2016-07-06 20:44:57,162,False,531,-2.06,240,0.47,0.62,26.63
401,2016-07-06 20:44:59,182,False,529,-2.09,240,0.48,0.62,26.54
402,2016-07-06 20:45:01,86,False,532,-2.35,240,0.48,0.62,26.45
403,2016-07-06 20:45:03,175,False,531,-2.13,240,0.48,0.62,26.63
404,2016-07-06 20:45:04,185,False,530,-2.09,224,0.45,0.62,26.63
405,2016-07-06 20:45:06,110,False,527,-2.15,224,0.46,0.62,26.63
406,2016-07-06 20:45:08,182,False,530,-2.13,240,0.45,0.62,26.45
407,2016-07-06 20:45:10,166,False,529,-2.11,240,0.48,0.62,26.36
408,2016-07-06 20:45:12,106,False,529,-2.03,240,0.46,0.62,26.63
409,2016-07-06 20:45:14,111,False,529,-2.05,240,0.46,0.62,26.54
410,2016-07-06 20:45:15,237,False,530,-2.1,240,0.46,0.62,26.45
411,2016-07-06 20:45:17,140,False,527,-2.61,240,0.47,0.62,26.45
412,2016-07-06 20:45:19,120,False,527,-2.15,240,0.46,0.62,26.36
413,2016-07-06 20:45:21,186,False,530,-2.05,240,0.47,0.62,26.36
414,2016-07-06 20:45:23,194,False,530,-2.09,240,0.45,0.62,26.54
415,2016-07-06 20:45:25,337,False,529,-1.91,224,0.47,0.62,26.54
416,2016-07-06 20:45:26,87,False,528,-2.05,240,0.47,0.62,26.54
417,2016-07-06 20:45:28,120,False,527,-2.07,240,0.46,0.62,26.54
418,2016-07-06 20:45:30,111,False,529,-2.61,240,0.48,0.62,26.36
419,2016-07-06 20:45:32,88,False,527,-1.67,240,0.47,0.62,26.27
420,2016-07-06 20:45:34,166,False,527,-2.71,224,0.47,0.62,26.36
421,2016-07-06 20:45:36,451,False,525,-1.58,249,0.46,0.62,26.36
422,2016-07-06 20:45:37,130,False,524,-2.08,249,0.46,0.62,26.27
423,2016-07-06 20:45:39,152,False,526,-1.99,249,0.45,0.62,26.19
424,2016-07-06 20:45:41,296,False,526,-2.01,249,0.46,0.62,26.27
425,2016-07-06 20:45:43,177,False,524,-1.96,249,0.47,0.62,26.01
426,2016-07-06 20:45:45,85,False,524,-2.09,249,0.48,0.62,26.01
427,2016-07-06 20:45:47,90,False,525,-1.99,249,0.45,0.62,26.1
428,2016-07-06 20:45:48,143,False,523,-1.86,249,0.46,0.62,26.19
429,2016-07-06 20:45:50,210,False,524,-1.89,249,0.45,0.62,26.1
430,2016-07-06 20:45:52,220,False,523,-1.79,249,0.46,0.62,26.1
431,2016-07-06 20:45:54,89,False,524,-1.93,249,0.46,0.62,26.1
432,2016-07-06 20:45:56,205,False,525,-2.06,249,0.48,0.62,26.1
433,2016-07-06 20:45:58,221,False,524,-1.7,249,0.47,0.62,26.01
434,2016-07-06 20:45:59,165,False,524,-1.05,233,0.47,0.62,25.83
435,2016-07-06 20:46:01,90,False,523,-0.7,233,0.47,0.62,26.1
436,2016-07-06 20:46:03,131,False,523,-1.84,233,0.42,0.62,26.01
437,2016-07-06 20:46:05,205,False,523,-1.66,233,0.46,0.62,26.01
438,2016-07-06 20:46:07,201,False,522,-2.04,233,0.46,0.62,26.01
439,2016-07-06 20:46:09,123,False,522,-2.1,233,0.46,0.62,26.01
440,2016-07-06 20:46:10,129,False,521,-2.11,233,0.46,0.62,25.83
441,2016-07-06 20:46:12,174,False,522,-2.06,233,0.46,0.62,25.92
442,2016-07-06 20:46:14,149,False,522,-1.96,233,0.47,0.62,26.01
443,2016-07-06 20:46:16,89,False,522,-1.95,233,0.46,0.62,25.75
444,2016-07-06 20:46:18,202,False,523,-1.93,216,0.47,0.62,25.92
445,2016-07-06 20:46:20,131,False,522,-2.03,233,0.45,0.62,25.83
446,2016-07-06 20:46:21,150,False,523,-1.82,233,0.45,0.62,26.1
447,2016-07-06 20:46:23,89,False,521,-2.11,216,0.48,0.62,26.01
448,2016-07-06 20:46:25,205,False,522,-2.14,216,0.46,0.62,25.83
449,2016-07-06 20:46:27,332,False,521,-2.05,216,0.46,0.62,26.1
450,2016-07-06 20:46:29,125,False,523,-2.03,216,0.44,0.62,26.1
451,2016-07-06 20:46:31,196,False,521,-2.1,225,0.46,0.62,25.92
452,2016-07-06 20:46:32,172,False,521,-2.0,225,0.46,0.62,26.01
453,2016-07-06 20:46:34,221,False,523,-2.07,216,0.47,0.62,25.83
454,2016-07-06 20:46:36,242,False,521,-2.09,225,0.46,0.62,26.01
455,2016-07-06 20:46:38,154,False,523,-2.04,216,0.46,0.62,26.01
456,2016-07-06 20:46:40,179,False,523,-2.09,225,0.47,0.62,26.01
457,2016-07-06 20:46:42,205,False,520,-2.06,225,0.45,0.62,26.01
458,2016-07-06 20:46:43,93,False,521,-2.21,241,0.48,0.62,26.01
459,2016-07-06 20:46:45,193,False,523,-2.1,225,0.47,0.62,26.01
460,2016-07-06 20:46:47,96,False,521,-1.9,209,0.47,0.62,26.01
461,2016-07-06 20:46:49,244,False,520,-2.68,209,0.45,0.62,25.92
462,2016-07-06 20:46:51,94,False,523,-1.8,209,0.49,0.62,26.1
463,2016-07-06 20:46:53,156,False,522,-2.01,209,0.47,0.62,25.92
464,2016-07-06 20:46:54,131,False,524,-1.73,209,0.47,0.62,25.92
